{"cameraMode":{"drawMode":0,"name":"Shaded","section":"Shading Mode"},"sceneLighting":false,"audioPlay":false,"sceneViewState":{"showFog":true,"showMaterialUpdate":false,"showSkybox":true,"showFlares":true,"showImageEffects":true,"showParticleSystems":true,"showVisualEffectGraphs":true,"m_FxEnabled":true},"in2DMode":false,"pivot":{"x":6.4207940101623539,"y":20.443603515625,"z":0.17541718482971192},"rotation":{"x":-0.014999154955148697,"y":-0.0068975877948105339,"z":-0.00010378885053796694,"w":0.9998669028282166},"size":19.93592643737793,"orthographic":false}