{"cameraMode":{"drawMode":0,"name":"Shaded","section":"Shading Mode"},"sceneLighting":false,"audioPlay":false,"sceneViewState":{"showFog":true,"showMaterialUpdate":false,"showSkybox":true,"showFlares":true,"showImageEffects":true,"showParticleSystems":true,"showVisualEffectGraphs":true,"m_FxEnabled":true},"in2DMode":false,"pivot":{"x":-6.698347091674805,"y":-1.2551648616790772,"z":2.085610866546631},"rotation":{"x":-0.014999154955148697,"y":-0.0068975877948105339,"z":-0.00010378885053796694,"w":0.9998669028282166},"size":7.430354118347168,"orthographic":false}